﻿{"ok":true,"source":"oemstrade","count":32,"items":[{"mpn":"0323_00031097","title":"Standard Regulator Pos 1.2V to 37V 1.5A 3-Pin","manufacturer":"STMicroelectronics","description":"Standard Regulator Pos 1.2V to 37V 1.5A 3-Pin","package":"TO-220AB","packaging":"Tube","regions":["EU"],"stock_total":12340441,"lead_days":0,"price_min":0.1891,"price_min_currency":"USD","price_min_rub":15.88,"image":"/ui/placeholder.svg"},{"mpn":"0323_00017840","title":"Standard Regulator Pos 1.2V to 37V 0.4A 3-Pin","manufacturer":"onsemi","description":"Standard Regulator Pos 1.2V to 37V 0.4A 3-Pin","package":"TO-220","packaging":"Tube","regions":["EU"],"stock_total":382032500,"lead_days":0,"price_min":0.2949,"price_min_currency":"USD","price_min_rub":24.77,"image":"/ui/placeholder.svg"},{"mpn":"1790_07323304","title":"Standard Regulator Pos 1.2V to 37V 0.4A 3-Pin","manufacturer":"onsemi","description":"Standard Regulator Pos 1.2V to 37V 0.4A 3-Pin","package":"TO-220","packaging":"Tube","regions":["US"],"stock_total":378832500,"lead_days":0,"price_min":0.3303,"price_min_currency":"USD","price_min_rub":27.74,"image":"/ui/placeholder.svg"},{"mpn":"0323_04125486","title":"Standard Regulator Pos 1.2V to 37V 1.5A 3-Pin","manufacturer":"STMicroelectronics","description":"Standard Regulator Pos 1.2V to 37V 1.5A 3-Pin","package":"TO-220AB","packaging":"Tube","regions":["EU"],"stock_total":3383610000,"lead_days":0,"price_min":0.2735,"price_min_currency":"USD","price_min_rub":22.97,"image":"/ui/placeholder.svg"},{"mpn":"1790_06553373","title":"Standard Regulator Pos 1.2V to 37V 1.5A 3-Pin","manufacturer":"STMicroelectronics","description":"Standard Regulator Pos 1.2V to 37V 1.5A 3-Pin","package":"TO-220AB","packaging":"Tube","regions":["US"],"stock_total":2797910000,"lead_days":0,"price_min":0.2784,"price_min_currency":"USD","price_min_rub":23.38,"image":"/ui/placeholder.svg"},{"mpn":"1762_06543237","title":"Standard Regulator Pos 1.2V to 37V 1.5A 3-Pin","manufacturer":"STMicroelectronics","description":"Standard Regulator Pos 1.2V to 37V 1.5A 3-Pin","package":"TO-220AB","packaging":"Tube","regions":["EU"],"stock_total":11251,"lead_days":0,"price_min":0.18,"price_min_currency":"USD","price_min_rub":15.12,"image":"/ui/placeholder.svg"},{"mpn":"1762_12515593","title":"Standard Regulator Pos 1.2V to 37V 1.5A 3-Pin","manufacturer":"STMicroelectronics","description":"Standard Regulator Pos 1.2V to 37V 1.5A 3-Pin","package":"TO-220AB","packaging":"Tube","regions":["EU"],"stock_total":50010000,"lead_days":0,"price_min":0.2687,"price_min_currency":"USD","price_min_rub":22.57,"image":"/ui/placeholder.svg"},{"mpn":"2348_07271291","title":"Standard Regulator Pos 1.25V to 37V 1.5A 3-Pin","manufacturer":"Texas Instruments","description":"Standard Regulator Pos 1.25V to 37V 1.5A 3-Pin","package":"TO-220","packaging":"Tube","regions":["US"],"stock_total":435040,"lead_days":0,"price_min":1.0378,"price_min_currency":"USD","price_min_rub":87.17,"image":"/ui/placeholder.svg"},{"mpn":"2348_07271289","title":"Standard Regulator Pos 1.25V to 37V 1.5A 3-Pin","manufacturer":"Texas Instruments","description":"Standard Regulator Pos 1.25V to 37V 1.5A 3-Pin","package":"TO-220","packaging":"Tube","regions":["US"],"stock_total":81,"lead_days":0,"price_min":1.61,"price_min_currency":"USD","price_min_rub":135.23,"image":"/ui/placeholder.svg"},{"mpn":"511-LM317T","title":"Linear Voltage Regulators 1.2-37V Adj Positive ...","manufacturer":"STMicroelectronics","description":"Linear Voltage Regulators 1.2-37V Adj Positive 1.5 Amp Output RoHS","package":"","packaging":"","regions":[],"stock_total":0,"lead_days":0,"price_min":0.244,"price_min_currency":"USD","price_min_rub":20.49,"image":"/ui/placeholder.svg"},{"mpn":"863-LM317TG","title":"Linear Voltage Regulators 1.5A ADJ 1.2-37V Posi...","manufacturer":"onsemi","description":"Linear Voltage Regulators 1.5A ADJ 1.2-37V Positive RoHS","package":"","packaging":"","regions":[],"stock_total":0,"lead_days":0,"price_min":0.357,"price_min_currency":"USD","price_min_rub":29.98,"image":"/ui/placeholder.svg"},{"mpn":"926-LM317T","title":"Linear Voltage Regulators 3-TERMINAL ADJ REG l ...","manufacturer":"Texas Instruments","description":"Linear Voltage Regulators 3-TERMINAL ADJ REG l ong-legged version RoHS","package":"","packaging":"","regions":[],"stock_total":0,"lead_days":0,"price_min":1.13,"price_min_currency":"USD","price_min_rub":94.91,"image":"/ui/placeholder.svg"},{"mpn":"511-LM317T-DG","title":"Linear Voltage Regulators Dual Guage ADJ 1.2V t...","manufacturer":"STMicroelectronics","description":"Linear Voltage Regulators Dual Guage ADJ 1.2V to 37V 1.5A RoHS","package":"","packaging":"","regions":[],"stock_total":0,"lead_days":0,"price_min":0.334,"price_min_currency":"USD","price_min_rub":28.05,"image":"/ui/placeholder.svg"},{"mpn":"7945552","title":"Standard Regulator Pos 1.2V to 37V 1.5A 3-Pin","manufacturer":"STMicroelectronics","description":"Standard Regulator Pos 1.2V to 37V 1.5A 3-Pin","package":"TO-220AB","packaging":"Tube","regions":["US"],"stock_total":123651232,"lead_days":0,"price_min":0.1873,"price_min_currency":"USD","price_min_rub":15.73,"image":"/ui/placeholder.svg"},{"mpn":"87427748","title":"Standard Regulator Pos 1.2V to 37V 2.2A 3-Pin","manufacturer":"onsemi","description":"Standard Regulator Pos 1.2V to 37V 2.2A 3-Pin","package":"TO-220","packaging":"Tube","regions":["US"],"stock_total":17891710000,"lead_days":0,"price_min":1.525,"price_min_currency":"USD","price_min_rub":128.09,"image":"/ui/placeholder.svg"},{"mpn":"88804097","title":"Standard Regulator Pos 1.2V to 37V 0.4A 3-Pin","manufacturer":"onsemi","description":"Standard Regulator Pos 1.2V to 37V 0.4A 3-Pin","package":"TO-220","packaging":"Tube","regions":["US"],"stock_total":389005000,"lead_days":0,"price_min":0.3015,"price_min_currency":"USD","price_min_rub":25.32,"image":"/ui/placeholder.svg"},{"mpn":"88210260","title":"Standard Regulator Pos 1.2V to 37V 0.4A 3-Pin","manufacturer":"onsemi","description":"Standard Regulator Pos 1.2V to 37V 0.4A 3-Pin","package":"TO-220","packaging":"Tube","regions":["US"],"stock_total":3834710000,"lead_days":0,"price_min":0.2871,"price_min_currency":"USD","price_min_rub":24.11,"image":"/ui/placeholder.svg"},{"mpn":"87902963","title":"Standard Regulator Pos 1.2V to 37V 1.5A 3-Pin","manufacturer":"STMicroelectronics","description":"Standard Regulator Pos 1.2V to 37V 1.5A 3-Pin","package":"TO-220AB","packaging":"Tube","regions":["US"],"stock_total":338315000,"lead_days":0,"price_min":0.313,"price_min_currency":"USD","price_min_rub":26.29,"image":"/ui/placeholder.svg"},{"mpn":"67202643","title":"Standard Regulator Pos 1.2V to 37V 1.5A 3-Pin","manufacturer":"STMicroelectronics","description":"Standard Regulator Pos 1.2V to 37V 1.5A 3-Pin","package":"TO-220AB","packaging":"Tube","regions":["US"],"stock_total":279995000,"lead_days":0,"price_min":0.2784,"price_min_currency":"USD","price_min_rub":23.38,"image":"/ui/placeholder.svg"},{"mpn":"88142498","title":"Standard Regulator Pos 1.2V to 37V 0.4A 3-Pin","manufacturer":"onsemi","description":"Standard Regulator Pos 1.2V to 37V 0.4A 3-Pin","package":"TO-220","packaging":"Tube","regions":["US"],"stock_total":9550150,"lead_days":0,"price_min":0.538,"price_min_currency":"USD","price_min_rub":45.19,"image":"/ui/placeholder.svg"},{"mpn":"87431365","title":"Standard Regulator Pos 1.2V to 37V 2.2A 3-Pin","manufacturer":"onsemi","description":"Standard Regulator Pos 1.2V to 37V 2.2A 3-Pin","package":"TO-220","packaging":"Tube","regions":["US"],"stock_total":577310000,"lead_days":0,"price_min":1.525,"price_min_currency":"USD","price_min_rub":128.09,"image":"/ui/placeholder.svg"},{"mpn":"83605124","title":"Standard Regulator Pos 1.2V to 37V 0.4A 3-Pin","manufacturer":"onsemi","description":"Standard Regulator Pos 1.2V to 37V 0.4A 3-Pin","package":"TO-220","packaging":"Tube","regions":["US"],"stock_total":4150150,"lead_days":0,"price_min":0.6535,"price_min_currency":"USD","price_min_rub":54.89,"image":"/ui/placeholder.svg"},{"mpn":"87836285","title":"Standard Regulator Pos 1.2V to 37V 1.5A 3-Pin","manufacturer":"STMicroelectronics","description":"Standard Regulator Pos 1.2V to 37V 1.5A 3-Pin","package":"TO-220AB","packaging":"Tube","regions":["US"],"stock_total":27782000,"lead_days":0,"price_min":0.268,"price_min_currency":"USD","price_min_rub":22.51,"image":"/ui/placeholder.svg"},{"mpn":"LM317T","title":"LM317T LM317T STMicroelectronics Semiconductors...","manufacturer":"STMicroelectronics","description":"LM317T LM317T STMicroelectronics Semiconductors RoHS: Compliant Qty: time:","package":"","packaging":"Tube","regions":[],"stock_total":0,"lead_days":0,"price_min":0.2,"price_min_currency":"EUR","price_min_rub":19.72,"image":"/ui/placeholder.svg"},{"mpn":"LM317T-DG","title":"Linear Voltage Regulator, Adjustable, 2.8V to 4...","manufacturer":"STMicroelectronics","description":"Linear Voltage Regulator, Adjustable, 2.8V to 40V Input, 1.2V to 37V","package":"TO-220","packaging":"Tube","regions":[],"stock_total":0,"lead_days":0,"price_min":0.2841,"price_min_currency":"USD","price_min_rub":23.86,"image":"/ui/placeholder.svg"},{"mpn":"34X0662","title":"LM317T 34X0662 STMicroelectronics Bulk (Alt: 34...","manufacturer":"STMicroelectronics","description":"LM317T 34X0662 STMicroelectronics Bulk (Alt: 34X0662) RoHS: Compliant","package":"","packaging":"Bulk","regions":[],"stock_total":0,"lead_days":0,"price_min":0.367,"price_min_currency":"USD","price_min_rub":30.82,"image":"/ui/placeholder.svg"},{"mpn":"98H0572","title":"Linear Voltage Regulator, 1.5 A, High PSRR, Adj...","manufacturer":"onsemi","description":"Linear Voltage Regulator, 1.5 A, High PSRR, Adjustable, Positive TJ","package":"","packaging":"Bulk","regions":[],"stock_total":0,"lead_days":0,"price_min":0.409,"price_min_currency":"USD","price_min_rub":34.35,"image":"/ui/placeholder.svg"},{"mpn":"51AC9149","title":"Linear Voltage Regulator, Adjustable, 2.8V to 4...","manufacturer":"STMicroelectronics","description":"Linear Voltage Regulator, Adjustable, 2.8V to 40V Input, 1.2V to 37V","package":"TO-220","packaging":"Bulk","regions":[],"stock_total":0,"lead_days":0,"price_min":0.386,"price_min_currency":"USD","price_min_rub":32.42,"image":"/ui/placeholder.svg"},{"mpn":"25R4705","title":"Linear Voltage Regulator, 1.5 A, High PSRR, Adj...","manufacturer":"onsemi","description":"Linear Voltage Regulator, 1.5 A, High PSRR, Adjustable, Positive TJ","package":"","packaging":"Bulk","regions":[],"stock_total":0,"lead_days":0,"price_min":0.509,"price_min_currency":"USD","price_min_rub":42.75,"image":"/ui/placeholder.svg"},{"mpn":"497-1575-5-ND","title":"LM317T 497-1575-5-ND STMicroelectronics LINEAR ...","manufacturer":"STMicroelectronics","description":"LM317T 497-1575-5-ND STMicroelectronics LINEAR 1.5A TO220 Qty: time:","package":"","packaging":"Tube","regions":[],"stock_total":0,"lead_days":0,"price_min":0.2449,"price_min_currency":"USD","price_min_rub":20.57,"image":"/ui/placeholder.svg"},{"mpn":"2156-LM317T","title":"LM317T/LF01 2156-LM317T/LF01-ND National Semico...","manufacturer":"National Semiconductor","description":"LM317T/LF01 2156-LM317T/LF01-ND National Semiconductor Corporation 1.5A TO220-3 Qty:","package":"","packaging":"Bulk","regions":[],"stock_total":0,"lead_days":0,"price_min":1.22,"price_min_currency":"USD","price_min_rub":102.47,"image":"/ui/placeholder.svg"},{"mpn":"497-12403-ND","title":"LM317T-DG 497-12403-ND STMicroelectronics LINEA...","manufacturer":"STMicroelectronics","description":"LM317T-DG 497-12403-ND STMicroelectronics LINEAR 1.5A TO220 Qty: time:","package":"","packaging":"Tube","regions":[],"stock_total":0,"lead_days":0,"price_min":0.3787,"price_min_currency":"USD","price_min_rub":31.81,"image":"/ui/placeholder.svg"}],"rates_cached":true,"duration":2435}
