{
  "$schema": "http://json-schema.org/draft-07/schema#",
  "type": "object",
  "required": ["mpn"],
  "properties": {
    "mpn": {
      "type": "string",
      "minLength": 2,
      "maxLength": 64
    },
    "title": {
      "type": "string"
    },
    "manufacturer": {
      "type": "string"
    },
    "description": {
      "type": "string"
    },
    "package": {
      "type": "string"
    },
    "packaging": {
      "type": "string"
    },
    "regions": {
      "type": "array",
      "items": {
        "enum": ["EU", "US", "ASIA"]
      },
      "minItems": 0
    },
    "stock_total": {
      "type": "integer",
      "minimum": 0
    },
    "lead_days": {
      "type": "integer",
      "minimum": 0
    },
    "price_min": {
      "type": "number",
      "minimum": 0
    },
    "price_min_currency": {
      "type": "string",
      "enum": ["", "USD", "EUR", "RUB"]
    },
    "price_min_rub": {
      "type": "number",
      "minimum": 0
    },
    "image": {
      "type": "string"
    },
    "images": {
      "type": "array",
      "items": {
        "type": "string"
      }
    },
    "datasheets": {
      "type": "array",
      "items": {
        "type": "string"
      }
    },
    "technical_specs": {
      "type": "object",
      "additionalProperties": {
        "type": "string"
      }
    },
    "suppliers": {
      "type": "array",
      "items": {
        "type": "string"
      }
    },
    "url": {
      "type": "string"
    }
  },
  "additionalProperties": false
}
